provincecn,provinceen,citycn,cityen,latitude,longitude,confirmedcases_26-01-2020,deaths_26-01-2020,confirmedcases_27-01-2020,deaths_27-01-2020,confirmedcases_28-01-2020,deaths_28-01-2020
安徽,Anhui,安庆,Anqing,30.531919,117.115101,8,0,8,0,14,0
安徽,Anhui,蚌埠,Bengbu,32.916287,117.389719,3,0,3,0,3,0
安徽,Anhui,亳州,Bozhou,33.844582,115.778676,6,0,8,0,15,0
安徽,Anhui,池州,Chizhou,30.656037,117.489156,1,0,1,0,1,0
安徽,Anhui,滁州,Chuzhou,32.25342500000001,118.328321,2,0,4,0,4,0
安徽,Anhui,阜阳,Fuyang,32.890479,115.814504,10,0,21,0,23,0
安徽,Anhui,合肥,Hefei,31.820591,117.227219,13,0,16,0,29,0
安徽,Anhui,淮北,Huaibei,33.955844,116.798265,1,0,2,0,2,0
安徽,Anhui,淮南,Huainan,32.625478,116.999932,2,0,2,0,2,0
安徽,Anhui,黄山,Huangshan,29.714699,118.337521,1,0,4,0,7,0
安徽,Anhui,六安,lu'an,31.734476,116.521442,3,0,4,0,6,0
安徽,Anhui,马鞍山,Ma'anshan,31.67044,118.507011,7,0,10,0,11,0
安徽,Anhui,宿州,Suzhou,33.646357,116.964358,3,0,3,0,9,0
安徽,Anhui,铜陵,Tongling,30.945515,117.81154,3,0,9,0,9,0
安徽,Anhui,芜湖,Wuhu,31.352859,118.432941,6,0,9,0,11,0
安徽,Anhui,宣城,Xuancheng,30.940195,118.75868,1,0,2,0,2,0
北京,Beijing,昌平,Changping,40.220659,116.231203,7,0,7,0,8,0
北京,Beijing,朝阳,Chaoyang,39.921469,116.443107,17,0,17,0,19,0
北京,Beijing,大兴,Daxing,39.726929,116.341395,5,0,7,0,10,0
北京,Beijing,东城,Dongcheng,39.92835300000001,116.416357,2,0,2,0,2,0
北京,Beijing,丰台,Fengtai,39.858427,116.287149,4,0,7,0,8,0
北京,Beijing,外地来京人员,Foreigners coming to Beijing,39.90419989999999,116.4073963,11,0,11,0,11,0
北京,Beijing,海淀,Haidian,39.959953,116.298326,17,0,21,0,23,0
北京,Beijing,石景山,Shijingshan,39.906611,116.222981,2,0,2,0,2,0
北京,Beijing,顺义,Shunyi,40.130347,116.65465,1,0,2,0,2,0
北京,Beijing,通州,Tongzhou,39.909946,116.656434,7,0,7,0,7,0
北京,Beijing,西城,Xicheng,39.912288,116.365867,7,0,8,0,9,0
重庆,Chongqing,巴南区,Banan,29.40240799999999,106.540256,1,0,1,0,1,0
重庆,Chongqing,璧山区,Bishan,29.592024,106.227305,3,0,3,0,4,0
重庆,Chongqing,长寿区,Changshou,29.857996,107.081282,6,0,7,0,7,0
重庆,Chongqing,城口县,Chengkou,31.947633,108.664214,1,0,1,0,1,0
重庆,Chongqing,大渡口区,Dadukou,29.484527,106.482346,6,0,6,0,6,0
重庆,Chongqing,大足区,Dazu,29.707032,105.721733,1,0,1,0,1,0
重庆,Chongqing,垫江县,Dianjiang,30.327716,107.33339,4,0,5,0,5,0
重庆,Chongqing,丰都县,Fengdu,29.8635,107.730894,3,0,3,0,3,0
重庆,Chongqing,奉节县,Fengjie,31.018498,109.463987,3,0,3,0,4,0
重庆,Chongqing,涪陵区,Fuling,29.703113,107.389298,1,0,1,0,1,0
重庆,Chongqing,合川区,Hechuan,29.972084,106.27613,3,0,4,0,5,0
重庆,Chongqing,江北区,Jiangbei,29.606703,106.574271,3,0,4,0,5,0
重庆,Chongqing,江津区,Jiangjin,29.290069,106.259281,2,0,2,0,2,0
重庆,Chongqing,九龙坡区,Jiulongpo,29.502272,106.510676,4,0,5,0,5,0
重庆,Chongqing,开州区,Kaizhou,31.2699214,108.3816532,7,0,9,0,11,0
重庆,Chongqing,两江新区,Liangjiang New Area,29.6017886,106.5075522,7,0,8,0,8,0
重庆,Chongqing,梁平区,Liangping,30.674362,107.803911,1,0,1,0,1,0
重庆,Chongqing,綦江区,Qijiang,29.028066,106.651361,1,0,2,0,4,0
重庆,Chongqing,石柱县,Shizhu,29.99928499999999,108.114069,3,0,6,0,7,0
重庆,Chongqing,铜梁区,Tongliang,29.844811,106.056404,1,0,2,0,2,0
重庆,Chongqing,潼南区,Tongnan,30.191013,105.840555,2,0,2,0,2,0
重庆,Chongqing,万州区,Wanzhou,30.807667,108.408661,14,0,15,0,17,0
重庆,Chongqing,巫山县,Wushan,31.074834,109.879153,5,0,5,0,5,0
重庆,Chongqing,巫溪县,Wuxi,31.398604,109.570062,5,0,5,0,5,0
重庆,Chongqing,秀山县,Xiushan,28.447997,109.007094,1,0,1,0,1,0
重庆,Chongqing,永川区,Yongchuan,29.35611699999999,105.927375,3,0,3,0,3,0
重庆,Chongqing,渝北区,Yubei,29.718142,106.631187,5,0,6,0,6,0
重庆,Chongqing,云阳县,Yunyang,30.930612,108.697324,8,0,10,0,11,0
重庆,Chongqing,忠县,Zhong,30.299559,108.039002,6,0,9,0,11,0
福建,Fujian,福州,Fuzhou,26.074478,119.296482,18,0,18,0,24,0
福建,Fujian,南平,Nanping,26.641774,118.17771,2,0,3,0,3,0
福建,Fujian,宁德,Ningde,26.665617,119.547932,6,0,6,0,7,0
福建,Fujian,莆田,Putian,25.454084,119.007777,10,0,14,0,14,0
福建,Fujian,泉州,quanzhou,24.874132,118.675675,10,0,13,0,13,0
福建,Fujian,三明,Sanming,26.263406,117.638678,4,0,8,0,8,0
福建,Fujian,厦门,Xiamen,24.479833,118.089425,4,0,5,0,6,0
福建,Fujian,漳州,Zhangzhou,24.513025,117.647093,5,0,5,0,6,0
甘肃,Gansu,白银,Baiyin,36.545015,104.138586,1,0,1,0,1,0
甘肃,Gansu,定西,Dingxi,35.580662,104.626282,1,0,1,0,1,0
甘肃,Gansu,兰州,Lanzhou,36.061089,103.834303,8,0,11,0,14,0
甘肃,Gansu,临夏,Linxia,35.601182,103.210538,2,0,2,0,2,0
甘肃,Gansu,陇南,Longnan,33.400684,104.921841,1,0,1,0,1,0
甘肃,Gansu,张掖,Zhangye,38.925875,100.449818,1,0,1,0,2,0
广东,Guangdong,东莞,Dongguan,23.020673,113.751799,2,0,2,0,7,0
广东,Guangdong,佛山,Foshan,23.021478,113.121435,14,0,18,0,18,0
广东,Guangdong,广州,Guangzhou,23.12911,113.264385,41,0,51,0,63,0
广东,Guangdong,惠州,Huizhou,23.112257,114.415801,8,0,11,0,12,0
广东,Guangdong,揭阳,Jieyang,23.549701,116.372708,3,0,4,0,6,0
广东,Guangdong,梅州,Meizhou,24.288578,116.122523,3,0,3,0,4,0
广东,Guangdong,清远,Qingyuan,23.681774,113.056042,3,0,5,0,6,0
广东,Guangdong,汕头,Shantou,23.354091,116.681972,2,0,5,0,6,0
广东,Guangdong,汕尾,Shanwei,22.786186,115.375158,1,0,1,0,1,0
广东,Guangdong,韶关,Shaoguan,24.810879,113.59762,4,0,4,0,4,0
广东,Guangdong,深圳,Shenzhen,22.543096,114.057865,36,0,49,0,63,0
广东,Guangdong,阳江,Yangjiang,21.857958,111.982232,8,0,8,0,10,0
广东,Guangdong,湛江,Zhanjiang,21.270702,110.359368,5,0,5,0,7,0
广东,Guangdong,肇庆,Zhaoqing,23.047191,112.465091,4,0,4,0,5,0
广东,Guangdong,中山,Zhongshan,22.517585,113.39277,5,0,6,0,12,0
广东,Guangdong,珠海,Zhuhai,22.270978,113.576677,12,0,12,0,14,0
广西,Guangxi,百色,Baïse,23.902479,106.618283,2,0,2,0,2,0
广西,Guangxi,北海,Beihai,21.481291,109.120161,9,0,11,0,13,0
广西,Guangxi,防城港,Fangchenggang,21.68686,108.353846,3,0,3,0,5,0
广西,Guangxi,桂林,Guilin,25.234479,110.179953,14,0,15,0,16,0
广西,Guangxi,河池,Hechi,24.692931,108.085261,3,0,3,0,3,0
广西,Guangxi,柳州,Liuzhou,24.326292,109.428608,6,0,6,0,6,0
广西,Guangxi,南宁,Nanning,22.817002,108.366543,5,0,5,0,7,0
广西,Guangxi,梧州,Wuzhou,23.476962,111.279115,2,0,4,0,4,0
广西,Guangxi,玉林,Yulin,22.654032,110.18122,2,0,2,0,2,0
贵州,Guizhou,贵阳,Guiyang,26.647661,106.630153,1,0,1,0,1,0
贵州,Guizhou,六盘水,Liupanshui,26.592666,104.830359,1,0,1,0,1,0
贵州,Guizhou,黔南州,Qiannan,26.254092,107.522097,2,0,4,0,4,0
贵州,Guizhou,黔西南州,Qianxinan,25.087856,104.906397,1,0,1,0,1,0
贵州,Guizhou,铜仁,Tongren,27.731514,109.189598,2,0,2,0,2,0
海南,Hainan,澄迈县,Chengmai,19.738521,110.006755,2,0,2,1,2,1
海南,Hainan,儋州,Danzhou,19.521134,109.580811,5,0,5,0,5,0
海南,Hainan,海口,Haikou,20.044412,110.198286,6,0,7,0,9,0
海南,Hainan,临高县,Lingao,19.912025,109.690508,1,0,1,0,1,0
海南,Hainan,陵水县,Lingshui,18.506048,110.037503,1,0,1,0,1,0
海南,Hainan,三亚,Sanya,18.252847,109.511909,11,0,14,0,14,0
海南,Hainan,万宁,Wanning,18.795143,110.391073,7,0,7,0,8,0
河北,Hebei,保定,Baoding,38.874434,115.464589,3,0,3,0,6,0
河北,Hebei,沧州,Cangzhou,38.30447700000001,116.838834,2,1,5,1,8,1
河北,Hebei,承德,Chengde,40.952942,117.96275,1,0,1,0,1,0
河北,Hebei,邯郸市,Handan,36.625656,114.538961,2,0,2,,2,
河北,Hebei,廊坊,Langfang,39.53804700000001,116.683752,2,0,6,0,9,0
河北,Hebei,石家庄,Shijiazhuang,38.042805,114.514893,7,0,9,0,10,0
河北,Hebei,邢台,Xingtai,37.070834,114.504677,1,0,2,0,3,0
黑龙江,Heilongjiang,大庆,Daqing,46.589309,125.103784,5,0,5,0,5,0
黑龙江,Heilongjiang,哈尔滨,Harbin,45.80377499999999,126.534967,8,0,10,0,11,0
黑龙江,Heilongjiang,佳木斯,Jiamusi,46.799777,130.3188779,1,0,1,0,5,0
黑龙江,Heilongjiang,牡丹江,Mudanjiang,44.55165299999999,129.633168,1,0,1,0,1,0
黑龙江,Heilongjiang,齐齐哈尔,Qiqihar,47.35434799999999,123.918186,1,0,2,0,3,0
黑龙江,Heilongjiang,七台河,Qitaihe,45.771726,131.0031381,1,0,2,0,2,0
黑龙江,Heilongjiang,双鸭山,Shuangyashan,46.646508,131.159133,1,0,1,0,1,0
黑龙江,Heilongjiang,绥化,Suihua,46.653845,126.968887,3,1,8,1,8,1
河南,Henan,安阳市,Anyang,36.097577,114.392392,7,0,11,0,14,0
河南,Henan,鹤壁,Hebi,35.748233,114.297201,2,0,2,0,5,0
河南,Henan,开封,Kaifeng,34.797281,114.307582,1,0,2,0,3,0
河南,Henan,漯河,Luohe,33.580873,114.016536,6,0,9,0,9,0
河南,Henan,洛阳,Luoyang,34.620202,112.453926,2,0,2,0,2,0
河南,Henan,南阳,Nanyang,32.990664,112.528308,19,1,26,1,31,1
河南,Henan,平顶山,Pingdingshan,33.766169,113.192661,5,0,5,0,5,0
河南,Henan,三门峡,Sanmenxia,34.772792,111.200367,3,0,3,0,4,0
河南,Henan,商丘,Shangqiu,34.414961,115.656339,6,0,7,0,14,0
河南,Henan,新乡,Xinxiang,35.303704,113.926763,4,0,6,0,7,0
河南,Henan,信阳,Xinyang,32.147679,114.091192,23,0,29,0,32,0
河南,Henan,许昌,Xuchang,34.035771,113.852454,1,0,2,0,2,0
河南,Henan,郑州,Zhengzhou,34.746611,113.625328,29,0,37,0,40,0
河南,Henan,周口,Zhoukou,33.626149,114.69695,11,0,15,0,19,0
河南,Henan,驻马店,Zhumadian,33.011529,114.022298,9,0,10,0,16,0
香港,Hong Kong,香港,Hong Kong,22.3193039,114.1693611,8,0,8,0,8,0
湖北,Hubei,恩施州,Enshi,30.272156,109.488172,25,0,38,0,51,0
湖北,Hubei,鄂州,Ezhou,30.39194,114.894843,20,0,57,0,84,1
湖北,Hubei,黄冈,Huanggang,30.453667,114.872199,154,4,213,4,324,5
湖北,Hubei,黄石,Huangshi,30.20002999999999,115.038835,36,1,53,1,86,1
湖北,Hubei,荆门,Jingmen,31.035395,112.199427,90,3,114,3,142,4
湖北,Hubei,荆州,Jingzhou,30.335237,112.239631,47,2,71,2,101,2
湖北,Hubei,潜江,Qianjiang,30.402167,112.899762,5,1,7,1,8,1
湖北,Hubei,十堰,Shiyan,32.629398,110.798266,40,0,65,0,88,0
湖北,Hubei,随州,Suizhou,31.690215,113.382458,52,0,70,0,116,0
湖北,Hubei,天门,Tianmen,30.653061,113.165862,13,0,23,2,34,3
湖北,Hubei,武汉,Wuhan,30.592849,114.305539,698,63,1590,85,1905,104
湖北,Hubei,襄阳,Xiangyang,32.009016,112.122426,36,0,70,0,131,0
湖北,Hubei,咸宁,Xianning,29.841438,114.322439,64,0,91,0,112,0
湖北,Hubei,仙桃,Xiantao,30.360882,113.423482,12,0,27,0,32,0
湖北,Hubei,孝感,Xiaogan,30.917766,113.957037,100,1,173,1,274,3
湖北,Hubei,宜昌,Yichang,30.691966,111.286471,31,1,51,1,63,1
湖南,Hunan,常德,Changde,29.031654,111.698784,12,0,19,0,26,0
湖南,Hunan,长沙,Changsha,28.228209,112.938814,22,0,24,0,46,0
湖南,Hunan,郴州,Chenzhou,25.770509,113.014717,6,0,7,0,7,0
湖南,Hunan,衡阳,Hengyang,26.893368,112.572018,4,0,7,0,17,0
湖南,Hunan,怀化,Huaihua,27.569517,110.001922,11,0,16,0,18,0
湖南,Hunan,娄底,Loudi,27.700062,111.993497,7,0,9,0,13,0
湖南,Hunan,邵阳,Shaoyang,27.23895,111.467674,8,0,11,0,19,0
湖南,Hunan,湘潭,Xiangtan,27.829795,112.944026,4,0,6,0,8,0
湖南,Hunan,湘西自治州,Xiangxi Tujia and Miao Autonomous Prefecture,28.312001,109.738781,3,0,3,0,3,0
湖南,Hunan,益阳,Yiyang,28.55386,112.35518,7,0,10,0,14,0
湖南,Hunan,永州,Yongzhou,26.420394,111.613445,4,0,7,0,11,0
湖南,Hunan,岳阳,Yueyang,29.356803,113.12873,7,0,17,0,26,0
湖南,Hunan,株洲,Zhuzhou,27.827986,113.133853,5,0,7,0,13,0
内蒙古,Inner Mongolia,包头市东河区,"Donghe District, Baotou City",40.576319,110.044106,2,0,2,,2,
内蒙古,Inner Mongolia,锡林郭勒盟二连浩特,Erlianhot,43.64417,111.9533,1,0,1,0,1,
内蒙古,Inner Mongolia,满洲里,Manzhouli,49.597841,117.378529,1,0,1,0,1,
内蒙古,Inner Mongolia,呼伦贝尔牙克石市,Yakeshi,49.285901,120.711735,1,0,1,0,1,
内蒙古,Inner Mongolia,鄂尔多斯,Ordos,39.822507,109.963338,1,0,1,0,2,0
内蒙古,Inner Mongolia,鄂尔多斯鄂托克前旗,Otog Front Banner,38.182362,107.477514,1,0,1,0,1,
内蒙古,Inner Mongolia,赤峰,Chifeng,42.299798,118.916208,1,0,1,0,2,0
内蒙古,Inner Mongolia,通辽市经济开发区,Tongliao Economic Development Zone,43.65289,122.243444,1,0,1,,1,
内蒙古,Inner Mongolia,锡林郭勒盟,Xilinhot,43.933411,116.086032,1,0,1,0,2,0
内蒙古,Inner Mongolia,兴安盟乌兰浩特,"Xing'an District, Ulanhot City",46.072731,122.093123,1,0,1,0,1,
江苏,Jiangsu,常州,Changzhou,31.811226,119.974061,6,0,8,0,8,0
江苏,Jiangsu,淮安,Huai'an,33.551052,119.113185,2,0,2,0,3,0
江苏,Jiangsu,连云港,Lianyungang,34.596653,119.221611,3,0,3,0,3,0
江苏,Jiangsu,南京,Nanjing,32.060255,118.796877,7,0,10,0,14,0
江苏,Jiangsu,南通,Nantong,31.980171,120.894291,4,0,6,0,6,0
江苏,Jiangsu,宿迁,Suqian,33.963232,118.275198,1,0,3,0,4,0
江苏,Jiangsu,苏州,Suzhou,31.298974,120.585289,8,0,12,0,20,0
江苏,Jiangsu,泰州,Taizhou,32.455536,119.922933,2,0,4,0,8,0
江苏,Jiangsu,无锡,Wuxi,31.491169,120.31191,4,0,6,0,9,0
江苏,Jiangsu,徐州,xuzhou,34.205768,117.284124,3,0,8,0,8,0
江苏,Jiangsu,盐城,Yancheng,33.347316,120.16366,1,0,1,0,6,0
江苏,Jiangsu,扬州,Yangzhou,32.394209,119.412939,4,0,5,0,8,0
江苏,Jiangsu,镇江,Zhenjiang,32.187849,119.425836,2,0,2,0,2,0
江西,Jiangxi,抚州,Fuzhou,27.949217,116.358181,7,0,8,0,9,0
江西,Jiangxi,赣州,Ganzhou,25.830694,114.933546,7,0,10,0,16,0
江西,Jiangxi,吉安,Ji'an,27.087637,114.964696,3,0,3,0,4,0
江西,Jiangxi,景德镇,Jingdezhen,29.268783,117.178443,2,0,2,0,2,0
江西,Jiangxi,九江,Jiujiang,29.705077,116.00193,4,0,9,0,16,0
江西,Jiangxi,南昌,Nanchang,28.682892,115.858197,8,0,17,0,25,0
江西,Jiangxi,萍乡,Pingxiang,27.622768,113.854556,2,0,2,0,2,0
江西,Jiangxi,上饶,Shangrao,28.454862,117.943433,6,0,7,0,9,0
江西,Jiangxi,新余,Xinyu,27.817808,114.917346,3,0,3,0,11,0
江西,Jiangxi,宜春,Yichun,27.815743,114.416785,6,0,10,0,14,0
吉林,Jilin,长春,Changchun,43.817071,125.323544,1,0,1,0,1,0
吉林,Jilin,吉林,Jilin,43.837883,126.549572,2,0,3,0,3,0
吉林,Jilin,四平,Siping,43.166419,124.350398,1,0,1,0,1,0
吉林,Jilin,松原,Songyuan,45.141468,124.825218,2,0,2,0,2,0
辽宁,Liaoning,本溪,Benxi,41.486981,123.685142,2,0,2,0,2,0
辽宁,Liaoning,朝阳,Chaoyang,41.57365,120.4493879,2,0,2,0,3,0
辽宁,Liaoning,大连,Dalian,38.91400300000001,121.614682,5,0,5,0,5,0
辽宁,Liaoning,丹东,Dandong,40.000787,124.35445,4,0,5,0,5,0
辽宁,Liaoning,葫芦岛,Huludao,40.71104,120.83694,2,0,2,0,4,0
辽宁,Liaoning,盘锦,Panjin,41.119997,122.070714,2,0,2,0,2,0
辽宁,Liaoning,沈阳,Shenyang,41.805699,123.431472,7,0,8,0,9,0
辽宁,Liaoning,铁岭,Tieling,42.223828,123.726035,2,0,2,0,2,0
辽宁,Liaoning,营口,Yingkou,40.667433,122.235084,1,0,1,0,1,0
澳门,Macao,澳门,Macao,22.198745,113.543873,6,0,7,0,7,0
宁夏,Ningxia,固原,Guyuan,36.01585499999999,106.24261,1,0,1,0,1,0
宁夏,Ningxia,银川,Yinchuan,38.487193,106.230908,5,0,7,0,7,0
宁夏,Ningxia,中卫,Zhongwei,37.499972,105.196902,1,0,1,0,1,0
青海,Qinghai,西宁,Xining,36.617134,101.778223,6,0,6,0,6,0
陕西,Shaanxi,安康,Ankang,32.684714,109.029022,7,0,8,0,10,0
陕西,Shaanxi,汉中,Hanzhong,33.06748,107.023323,3,0,4,0,6,0
陕西,Shaanxi,商洛,Shangluo,33.870422,109.940477,1,0,2,0,2,0
陕西,Shaanxi,铜川,Tongchuan,34.897887,108.945019,5,0,5,0,5,0
陕西,Shaanxi,渭南,Weinan,34.49938,109.502882,1,0,3,0,3,0
陕西,Shaanxi,西安,Xi'an,34.341574,108.93977,12,0,15,0,18,0
陕西,Shaanxi,咸阳,Xianyang,34.329605,108.708991,4,0,4,0,5,0
陕西,Shaanxi,延安,Yan'an,36.585445,109.489757,2,0,2,0,2,0
山东,Shandong,滨州,Binzhou,37.38198,117.970699,3,0,4,0,6,0
山东,Shandong,德州,Dezhou,37.43409200000001,116.357464,6,0,8,0,11,0
山东,Shandong,菏泽,Heze,35.23375,115.480656,4,0,5,0,7,0
山东,Shandong,济南,Jinan,36.6512,117.120095,7,0,10,0,11,0
山东,Shandong,济宁,Jining,35.41498199999999,116.587282,5,0,5,0,5,0
山东,Shandong,聊城,Liaocheng,36.45703,115.98546,1,0,3,0,3,0
山东,Shandong,临沂,Linyi,35.104673,118.356414,7,0,8,0,15,0
山东,Shandong,青岛,Qingdao,36.067108,120.382609,13,0,15,0,15,0
山东,Shandong,日照,Rizhao,35.416734,119.526925,5,0,6,0,7,0
山东,Shandong,潍坊,Weifang,36.706962,119.161748,3,0,3,0,5,0
山东,Shandong,威海,Weihai,37.513068,122.120419,9,0,10,0,11,0
山东,Shandong,烟台,Yantai,37.46453899999999,121.447852,8,0,10,0,10,0
山东,Shandong,枣庄,Zaozhuang,34.810487,117.323725,2,0,5,0,8,0
山东,Shandong,淄博,Zibo,36.813546,118.055019,2,0,2,0,4,0
上海,Shanghai,宝山区,Baoshan,31.405457,121.489612,1,0,1,0,2,0
上海,Shanghai,长宁区,Changning,31.220367,121.424624,5,0,5,0,5,0
上海,Shanghai,奉贤区,Fengxian,30.917795,121.474042,1,0,1,0,1,0
上海,Shanghai,外地来沪人员,Foreigners coming to Shanghai,31.230416,121.473701,23,0,33,0,40,0
上海,Shanghai,虹口区,Hongkou,31.2646,121.505132,2,0,2,0,2,0
上海,Shanghai,黄浦区,Huangpu,31.231763,121.484443,1,0,2,0,3,0
上海,Shanghai,嘉定区,Jiading,31.37586899999999,121.265374,1,0,1,0,1,0
上海,Shanghai,静安区,Jing'an,31.223427,121.455964,5,0,5,0,7,0
上海,Shanghai,闵行区,Minhang,31.112818,121.381716,2,0,2,0,2,0
上海,Shanghai,浦东新区,Pudong New Area,31.221517,121.544379,7,0,9,0,12,0
上海,Shanghai,青浦区,Qingpu,31.150681,121.124178,2,0,2,0,2,0
上海,Shanghai,徐汇区,Xuhui,31.188637,121.436539,3,0,3,0,3,0
山西,Shanxi,长治,Changzhi,36.195409,113.116404,1,0,1,0,1,0
山西,Shanxi,大同,Datong,40.076762,113.300129,1,0,1,0,3,0
山西,Shanxi,晋中,Jinzhong,37.687357,112.752652,2,0,5,0,9,0
山西,Shanxi,临汾,Linfen,36.088005,111.518975,1,0,1,0,1,0
山西,Shanxi,吕梁,Luliang,37.518314,111.144319,1,0,3,0,3,0
山西,Shanxi,朔州,Shuozhou,39.331595,112.432825,2,0,2,0,2,0
山西,Shanxi,太原,Taiyuan,37.87059,112.548879,2,0,3,0,3,0
山西,Shanxi,阳泉,Yangquan,37.856971,113.580519,1,0,1,0,1,0
山西,Shanxi,运城,Yuncheng,35.026516,111.00746,2,0,3,0,4,0
四川,Sichuan,成都,Chengdu,30.572815,104.066801,33,0,37,0,46,0
四川,Sichuan,达州,Dazhou,31.20957099999999,107.468023,3,0,3,0,4,0
四川,Sichuan,德阳,Deyang,31.126855,104.397894,1,0,1,0,2,0
四川,Sichuan,甘孜州,Ganzi,30.04952,101.96231,2,0,3,0,3,0
四川,Sichuan,广安,Guang'an,30.456224,106.633088,6,0,7,0,7,0
四川,Sichuan,乐山,Leshan,29.552115,103.765678,1,0,2,0,2,0
四川,Sichuan,凉山州,Liangshan,27.88157,102.267712,1,0,2,0,2,0
四川,Sichuan,泸州,Luzhou,28.871569,105.44174,3,0,4,0,5,0
四川,Sichuan,眉山,Meishan,30.07728,103.848396,1,0,1,0,1,0
四川,Sichuan,绵阳,Mianyang,31.46746,104.679004,7,0,8,0,8,0
四川,Sichuan,南充,Nanchong,30.837793,106.110698,2,0,4,0,5,0
四川,Sichuan,内江,Neijiang,29.580228,105.058433,1,0,3,0,4,0
四川,Sichuan,遂宁,Suining,30.532847,105.592898,2,0,3,0,3,0
四川,Sichuan,雅安,Ya'an,29.980537,103.013261,1,0,2,0,2,0
四川,Sichuan,宜宾,Yibin,28.751836,104.643159,1,0,1,0,2,0
四川,Sichuan,自贡,Zigong,29.33903,104.778442,2,0,7,0,7,0
四川,Sichuan,资阳,Ziyang,30.128901,104.627636,2,0,2,0,2,0
台湾,Taiwan,台湾,Taiwan,23.69781,120.960515,5,0,5,0,8,0
天津,Tianjin,滨海新区,Binhai New Area,39.00366,117.710496,1,0,1,0,1,0
天津,Tianjin,外地来津,Foreigners coming to Tianjin,39.136873,117.220272,2,0,2,0,4,0
天津,Tianjin,河北区,Hebei,39.14786900000001,117.196648,7,0,7,0,7,0
天津,Tianjin,河东区,Hedong,39.128291,117.251586,5,0,6,0,6,0
天津,Tianjin,和平区,Heping,39.116949,117.21451,1,0,1,0,2,0
天津,Tianjin,河西区,Hexi,39.109563,117.223371,3,0,3,0,3,0
天津,Tianjin,红桥区,Hongqiao,39.167345,117.151533,1,0,1,0,1,0
天津,Tianjin,南开区,Nankai,39.138202,117.150738,1,0,1,0,1,0
天津,Tianjin,西青区,Xiqing,39.141152,117.008826,1,0,2,0,2,0
新疆,Xinjiang,乌鲁木齐,Urumqi,43.825592,87.61684799999999,4,0,5,0,6,0
新疆,Xinjiang,伊犁州,Yili,43.91682300000001,81.324136,1,0,2,0,4,0
云南,Yunnan,保山,Baoshan,25.112046,99.16176100000001,3,0,4,0,4,0
云南,Yunnan,大理,Dali,25.606486,100.267638,2,0,3,0,3,0
云南,Yunnan,德宏,Dehong,24.433353,98.58489499999999,2,0,2,0,2,0
云南,Yunnan,红河,Honghe Hani and Yi Autonomous Prefecture,23.36225,103.374576,2,0,2,0,2,0
云南,Yunnan,昆明,Kunming,24.880095,102.832891,7,0,12,0,15,0
云南,Yunnan,丽江,Lijiang,26.855047,100.22775,5,0,6,0,6,0
云南,Yunnan,曲靖,Qujing,25.489999,103.796167,2,0,2,0,5,0
云南,Yunnan,西双版纳,Xishuangbanna,22.00881,100.79715,1,0,6,0,6,0
云南,Yunnan,玉溪,Yuxi,24.347324,102.527197,1,0,5,0,5,0
云南,Yunnan,昭通,Zhaotong,27.338257,103.717465,1,0,2,0,2,0
浙江,Zhejiang,杭州,Hangzhou,30.274084,120.15507,27,0,32,0,51,0
浙江,Zhejiang,湖州,Huzhou,30.89440999999999,120.086809,3,0,3,0,5,0
浙江,Zhejiang,嘉兴,Jiaxing,30.753924,120.758543,8,0,11,0,14,0
浙江,Zhejiang,金华,Jinhua,29.079175,119.64742,5,0,7,0,13,0
浙江,Zhejiang,丽水,Lishui,28.46763,119.922796,3,0,5,0,6,0
浙江,Zhejiang,宁波,Ningbo,29.868336,121.54399,13,0,17,0,20,0
浙江,Zhejiang,衢州,Quzhou,28.970079,118.859457,5,0,5,0,8,0
浙江,Zhejiang,绍兴,shaoxing,29.995762,120.586109,6,0,7,0,19,0
浙江,Zhejiang,台州,Taizhou,28.65638,121.42076,22,0,22,0,40,0
浙江,Zhejiang,温州,Wenzhou,27.993828,120.699361,32,0,60,0,114,0
浙江,Zhejiang,舟山,Zhoushan,29.98529499999999,122.207215,4,0,4,0,6,0
湖北,Hubei,神农架林区,Shennongjia,31.743483,110.680447,,,1,0,3,0
河南,Henan,焦作,Jiaozuo,35.215892,113.241823,,,2,0,2,0
重庆,Chongqing,黔江区,District Qianjiang,29.533609,108.770677,,,1,0,1,0
重庆,Chongqing,南岸区,Nan'an,29.500296,106.644428,,,1,0,1,0
山东,Shandong,泰安,Tai'an,36.200252,117.087614,,,1,0,3,0
福建,Fujian,龙岩,Longyan,25.075123,117.017536,,,1,0,1,0
江西,Jiangxi,鹰潭,Yingtan,28.260189,117.069202,,,1,0,1,0
陕西,Shanxi,宝鸡,Baoji,34.363184,107.237743,,,3,0,4,0
海南,Hainan,琼海市,Qionghai,19.258341,110.474648,,,1,0,1,0
海南,Hainan,东方市,Dongfang,19.09535,108.651815,,,1,0,1,0
海南,Hainan,琼中县,Qiongzhong,19.033369,109.838389,,,1,0,1,0
河北,Hebei,邯郸,Handan,36.625656,114.538961,,,4,0,4,0
河北,Hebei,衡水,Hengshui,37.73892000000001,115.670177,,,2,0,3,0
河北,Hebei,唐山,Tangshan,39.63086699999999,118.180193,,,1,0,3,0
辽宁,Liaoning,辽阳,Liaoyang,41.267244,123.236944,,,1,0,1,0
甘肃,Gansu,金昌,Jinchang,38.520089,102.188043,,,1,0,1,
甘肃,Gansu,天水,Tianshui,34.58088499999999,105.72498,,,1,0,1,
内蒙古,Inner Mongolia,包头,Baotou,40.65797800000001,109.840313,,,3,0,3,0
内蒙古,Inner Mongolia,呼和浩特（新城区）,Hohhot,40.842356,111.749995,,,2,0,2,0
内蒙古,Inner Mongolia,赤峰市林西县,Chifeng Linxi,43.61812,118.05545,,,1,0,1,
内蒙古,Inner Mongolia,通辽,Tongliao,43.65289,122.243444,,,1,0,1,0
宁夏,Ningxia,吴忠,Wuzhong,37.99746,106.198393,,,2,0,3,0
新疆,Xinjiang,吐鲁番市,Turpan,42.951303,89.189752,,,1,0,1,0
新疆,Xinjiang,第七师,Kuytun,44.4289,84.917,,,1,0,1,0
新疆,Xinjiang,第八师石河子市,Shihezi,44.306097,86.080602,,,1,0,1,0
吉林,Jilin,公主岭,Gongzhuling,43.504687,124.82283,,,1,0,1,0
广东,Guangdong,河源,Heyuan,23.743685,114.700961,,,,,1,0
辽宁,Liaoning,锦州,Jinzhou,41.095685,121.1268459,,,,,4,0
内蒙古,Inner Mongolia,呼伦贝尔,Hulunbeier,49.211742,119.765607,,,,,2,0
内蒙古,Inner Mongolia,兴安盟,Hing'an,43.37822,115.0594815,,,,,1,0
广东,Guangdong,茂名,Maoming,21.662991,110.925439,,,,,2,0
河南,Henan,濮阳,Puyang,35.761829,115.029215,,,,,1,0
安徽,Anhui,宿松,Susong,30.153746,116.129105,,,,,4,0
重庆,Chongqing,渝中区,Yuzhong,29.552736,106.568896,,,,,1,0
四川,Sichuan,巴中,Bazhong,31.867903,106.747477,,,,,2,0
四川,Sichuan,广元,Guangyuan,32.435435,105.843357,,,,,1,0
北京,Beijing,门头沟,Mentougou,39.940646,116.102009,,,,,1,0
云南,Yunnan,普洱,Pu'er,22.825065,100.966512,,,,,1,0
河北,Hebei,张家口,Zhangjiakou,40.76754400000001,114.886335,,,,,1,0
黑龙江,Heilongjiang,鸡西,Jixi,45.295075,130.969333,,,,,1,0
黑龙江,Heilongjiang,大兴安岭,Daxinganling,52.335262,124.711526,,,,,1,0
甘肃,Gansu,金昌市,Jinchang,38.520089,102.188043,,,,,1,0
甘肃,Gansu,天水市,Tianshui,34.58088499999999,105.72498,,,,,1,0
甘肃,Gansu,平凉市,Pingliang,35.543061,106.665131,,,,,1,0
内蒙古,Inner Mongolia,巴彦淖尔,Bayannaoer,40.743213,107.387657,,,,,1,0
吉林,Jilin,通化,Tonghua,41.728401,125.939697,,,,,1,0